subject,volume,modality,data,vessel,stimDur
sub-06,0,vaso,-2.7923767996892193,veins,1
sub-06,0,vaso,1.1034927196012851,arteries,1
sub-06,1,vaso,-2.7671671409895677,veins,1
sub-06,1,vaso,0.6695891623381024,arteries,1
sub-06,2,vaso,-2.659170081158905,veins,1
sub-06,2,vaso,0.1899595961407507,arteries,1
sub-06,3,vaso,-1.8662751748450517,veins,1
sub-06,3,vaso,-0.023604266238650036,arteries,1
sub-06,4,vaso,-0.880145515602486,veins,1
sub-06,4,vaso,-0.07038639728327695,arteries,1
sub-06,5,vaso,0.16619574727030392,veins,1
sub-06,5,vaso,0.04519760320185301,arteries,1
sub-06,6,vaso,1.0576691935635738,veins,1
sub-06,6,vaso,0.15959079350534192,arteries,1
sub-06,7,vaso,1.3710646348801172,veins,1
sub-06,7,vaso,0.4113581731489906,arteries,1
sub-06,8,vaso,1.3647023345376288,veins,1
sub-06,8,vaso,0.42994103383164683,arteries,1
sub-06,9,vaso,1.0411321359248646,veins,1
sub-06,9,vaso,0.5785586279113603,arteries,1
sub-06,10,vaso,0.40711181000314883,veins,1
sub-06,10,vaso,0.630389550094458,arteries,1
sub-06,11,vaso,-0.18377321589291323,veins,1
sub-06,11,vaso,0.8149531443178252,arteries,1
sub-06,12,vaso,-0.6479974712771207,veins,1
sub-06,12,vaso,1.060728087482966,arteries,1
sub-06,13,vaso,-1.1962203374486844,veins,1
sub-06,13,vaso,1.4353807494560202,arteries,1
sub-06,14,vaso,-1.3648918547038453,veins,1
sub-06,14,vaso,1.5541377305380684,arteries,1
sub-06,15,vaso,-1.6493051842532356,veins,1
sub-06,15,vaso,1.5943210802232042,arteries,1
sub-06,16,vaso,-1.760743497335924,veins,1
sub-06,16,vaso,1.3822088250388,arteries,1
sub-06,17,vaso,-1.794234777917419,veins,1
sub-06,17,vaso,1.286500251511135,arteries,1
sub-06,18,vaso,-1.9292009697137944,veins,1
sub-06,18,vaso,0.9299271356216361,arteries,1
sub-06,19,vaso,-2.0415125460395913,veins,1
sub-06,19,vaso,0.5377797688755566,arteries,1
sub-06,20,vaso,-2.1609098505324305,veins,1
sub-06,20,vaso,0.21687001767703545,arteries,1
sub-06,21,vaso,-2.1334923424024885,veins,1
sub-06,21,vaso,-0.18518207981850163,arteries,1
sub-06,22,vaso,-1.9492787330873647,veins,1
sub-06,22,vaso,-0.5928589411555206,arteries,1
sub-06,23,vaso,-1.6394177686620859,veins,1
sub-06,23,vaso,-0.7600607885764641,arteries,1
sub-06,24,vaso,-0.9947869395125746,veins,1
sub-06,24,vaso,-0.788014476712314,arteries,1
sub-06,25,vaso,-0.28278713445787196,veins,1
sub-06,25,vaso,-0.5553097108536481,arteries,1
sub-06,0,bold,-3.6480792459839124,veins,1
sub-06,0,bold,-1.9528944837623101,arteries,1
sub-06,1,bold,-3.663390829225534,veins,1
sub-06,1,bold,-2.058083826833703,arteries,1
sub-06,2,bold,-3.4829744030988423,veins,1
sub-06,2,bold,-2.03329074249827,arteries,1
sub-06,3,bold,-2.9059143112032264,veins,1
sub-06,3,bold,-1.720910198439185,arteries,1
sub-06,4,bold,-2.1118548366549303,veins,1
sub-06,4,bold,-1.2162718325242772,arteries,1
sub-06,5,bold,-1.1318262803040529,veins,1
sub-06,5,bold,-0.5779005628465617,arteries,1
sub-06,6,bold,-0.17234347625014823,veins,1
sub-06,6,bold,0.10590767124658103,arteries,1
sub-06,7,bold,0.43573172006224203,veins,1
sub-06,7,bold,0.5780549483181506,arteries,1
sub-06,8,bold,0.7745119377211083,veins,1
sub-06,8,bold,0.8389569401558917,arteries,1
sub-06,9,bold,0.7293662803947334,veins,1
sub-06,9,bold,0.8512287263017722,arteries,1
sub-06,10,bold,0.39594497894312264,veins,1
sub-06,10,bold,0.6376129923730363,arteries,1
sub-06,11,bold,-0.053662480022089835,veins,1
sub-06,11,bold,0.32428411577965416,arteries,1
sub-06,12,bold,-0.6088496379204602,veins,1
sub-06,12,bold,-0.041856593309217656,arteries,1
sub-06,13,bold,-1.1533978811059074,veins,1
sub-06,13,bold,-0.4033176522041165,arteries,1
sub-06,14,bold,-1.612411323094993,veins,1
sub-06,14,bold,-0.6771362258857542,arteries,1
sub-06,15,bold,-1.9661285055843274,veins,1
sub-06,15,bold,-0.8718827938455199,arteries,1
sub-06,16,bold,-2.1788831428402027,veins,1
sub-06,16,bold,-0.9734628729101974,arteries,1
sub-06,17,bold,-2.288106841612709,veins,1
sub-06,17,bold,-1.01059859644354,arteries,1
sub-06,18,bold,-2.3506916906306525,veins,1
sub-06,18,bold,-1.0504037703170066,arteries,1
sub-06,19,bold,-2.4496546265506383,veins,1
sub-06,19,bold,-1.1367625928709972,arteries,1
sub-06,20,bold,-2.53847291854664,veins,1
sub-06,20,bold,-1.2483472854636621,arteries,1
sub-06,21,bold,-2.576127942438925,veins,1
sub-06,21,bold,-1.372215724471257,arteries,1
sub-06,22,bold,-2.4993199837148623,veins,1
sub-06,22,bold,-1.4241534976152457,arteries,1
sub-06,23,bold,-2.155558434839901,veins,1
sub-06,23,bold,-1.3233570743906717,arteries,1
sub-06,24,bold,-1.5982519802649051,veins,1
sub-06,24,bold,-1.0990436602055378,arteries,1
sub-06,25,bold,-0.8752114581527528,veins,1
sub-06,25,bold,-0.7671084222218594,arteries,1
sub-06,0,vaso,-1.8338846887902742,veins,2
sub-06,0,vaso,-0.5729954070184106,arteries,2
sub-06,1,vaso,-2.4531999695037676,veins,2
sub-06,1,vaso,-0.6632954013649822,arteries,2
sub-06,2,vaso,-2.779434807315974,veins,2
sub-06,2,vaso,-0.42436314926664365,arteries,2
sub-06,3,vaso,-2.7352881692182542,veins,2
sub-06,3,vaso,-0.2733255718476274,arteries,2
sub-06,4,vaso,-2.303568676959179,veins,2
sub-06,4,vaso,-0.48092674592363016,arteries,2
sub-06,5,vaso,-1.5663561505628127,veins,2
sub-06,5,vaso,-0.6146290354017184,arteries,2
sub-06,6,vaso,-0.5902803749140416,veins,2
sub-06,6,vaso,-0.6067106348485589,arteries,2
sub-06,7,vaso,0.38742104960561063,veins,2
sub-06,7,vaso,-0.7052378356144102,arteries,2
sub-06,8,vaso,1.148434707873206,veins,2
sub-06,8,vaso,-0.874106981764505,arteries,2
sub-06,9,vaso,1.657212249148155,veins,2
sub-06,9,vaso,-1.105028115301026,arteries,2
sub-06,10,vaso,1.6567511658174272,veins,2
sub-06,10,vaso,-1.3355263244641338,arteries,2
sub-06,11,vaso,1.2633798295516332,veins,2
sub-06,11,vaso,-1.0546237016830948,arteries,2
sub-06,12,vaso,0.7362460178855698,veins,2
sub-06,12,vaso,1.1817035240766542,arteries,2
sub-06,13,vaso,0.027897191736828097,veins,2
sub-06,13,vaso,1.1258534854502105,arteries,2
sub-06,14,vaso,-0.6219960579188945,veins,2
sub-06,14,vaso,1.3922342106280656,arteries,2
sub-06,15,vaso,-1.0706525503080309,veins,2
sub-06,15,vaso,0.5607315339594384,arteries,2
sub-06,16,vaso,-1.326152983006324,veins,2
sub-06,16,vaso,0.8134603307456845,arteries,2
sub-06,17,vaso,-1.4819006007828888,veins,2
sub-06,17,vaso,1.5766982782460146,arteries,2
sub-06,18,vaso,-1.554498801919573,veins,2
sub-06,18,vaso,1.1620296093614007,arteries,2
sub-06,19,vaso,-1.6829096709180877,veins,2
sub-06,19,vaso,1.7155306994006871,arteries,2
sub-06,20,vaso,-1.7393837163320656,veins,2
sub-06,20,vaso,1.510407561093909,arteries,2
sub-06,21,vaso,-1.5322859759064449,veins,2
sub-06,21,vaso,1.175178446246145,arteries,2
sub-06,22,vaso,-1.4567524064138397,veins,2
sub-06,22,vaso,0.21315537393730738,arteries,2
sub-06,23,vaso,-1.3326064058828384,veins,2
sub-06,23,vaso,0.41793982684187186,arteries,2
sub-06,24,vaso,-1.2283444993134467,veins,2
sub-06,24,vaso,0.6412533148124242,arteries,2
sub-06,25,vaso,-1.144847479049916,veins,2
sub-06,25,vaso,0.9466458806285009,arteries,2
sub-06,26,vaso,-1.2419320935634701,veins,2
sub-06,26,vaso,0.6555086080873718,arteries,2
sub-06,27,vaso,-1.3484873274070897,veins,2
sub-06,27,vaso,0.4615887865176834,arteries,2
sub-06,28,vaso,-1.255690919631746,veins,2
sub-06,28,vaso,0.35962431640306264,arteries,2
sub-06,29,vaso,-1.035038886126025,veins,2
sub-06,29,vaso,0.4958523981818056,arteries,2
sub-06,0,bold,-2.8177129897080087,veins,2
sub-06,0,bold,-1.6061046806490629,arteries,2
sub-06,1,bold,-3.0877686069088552,veins,2
sub-06,1,bold,-1.7258637396196295,arteries,2
sub-06,2,bold,-3.245720605438493,veins,2
sub-06,2,bold,-1.8036194850357357,arteries,2
sub-06,3,bold,-3.1204982627794617,veins,2
sub-06,3,bold,-1.7583772591783768,arteries,2
sub-06,4,bold,-2.602549230272098,veins,2
sub-06,4,bold,-1.5163316635168118,arteries,2
sub-06,5,bold,-1.7481825584204245,veins,2
sub-06,5,bold,-1.0391934073857163,arteries,2
sub-06,6,bold,-0.6151862971024826,veins,2
sub-06,6,bold,-0.3525395190253413,arteries,2
sub-06,7,bold,0.5748082974509431,veins,2
sub-06,7,bold,0.45347424523375496,arteries,2
sub-06,8,bold,1.6470967348558885,veins,2
sub-06,8,bold,1.1955899659381684,arteries,2
sub-06,9,bold,2.422376012207245,veins,2
sub-06,9,bold,1.7271997096624743,arteries,2
sub-06,10,bold,2.729701096050588,veins,2
sub-06,10,bold,1.9165947556667633,arteries,2
sub-06,11,bold,2.5876505630660938,veins,2
sub-06,11,bold,1.7225139261794826,arteries,2
sub-06,12,bold,2.0161967096599542,veins,2
sub-06,12,bold,1.20016998926794,arteries,2
sub-06,13,bold,1.152510014090159,veins,2
sub-06,13,bold,0.5528180856504517,arteries,2
sub-06,14,bold,0.20999043856358054,veins,2
sub-06,14,bold,-0.060513581644697306,arteries,2
sub-06,15,bold,-0.7432486276606848,veins,2
sub-06,15,bold,-0.5406288351376707,arteries,2
sub-06,16,bold,-1.5430767214835326,veins,2
sub-06,16,bold,-0.825098411153801,arteries,2
sub-06,17,bold,-2.09456781280677,veins,2
sub-06,17,bold,-1.000197327715882,arteries,2
sub-06,18,bold,-2.415957713261343,veins,2
sub-06,18,bold,-1.1052531857654082,arteries,2
sub-06,19,bold,-2.4772160733063835,veins,2
sub-06,19,bold,-1.1774564026806627,arteries,2
sub-06,20,bold,-2.3434439631063726,veins,2
sub-06,20,bold,-1.258976083000179,arteries,2
sub-06,21,bold,-2.1494014717912213,veins,2
sub-06,21,bold,-1.2898485817803511,arteries,2
sub-06,22,bold,-1.973524952950905,veins,2
sub-06,22,bold,-1.2890027422519885,arteries,2
sub-06,23,bold,-1.897058028751074,veins,2
sub-06,23,bold,-1.289252417271182,arteries,2
sub-06,24,bold,-1.9890628747223729,veins,2
sub-06,24,bold,-1.2966683147271276,arteries,2
sub-06,25,bold,-2.1324652975323803,veins,2
sub-06,25,bold,-1.3288342505599529,arteries,2
sub-06,26,bold,-2.241542295916813,veins,2
sub-06,26,bold,-1.375691541940113,arteries,2
sub-06,27,bold,-2.212964632441775,veins,2
sub-06,27,bold,-1.4032788855386937,arteries,2
sub-06,28,bold,-1.9167151348294607,veins,2
sub-06,28,bold,-1.3183509883752935,arteries,2
sub-06,29,bold,-1.3957466007512092,veins,2
sub-06,29,bold,-1.1162993220486572,arteries,2
sub-06,0,vaso,-2.1663539244379333,veins,4
sub-06,0,vaso,0.8078244676341059,arteries,4
sub-06,1,vaso,-2.259784930818155,veins,4
sub-06,1,vaso,0.5836182491042308,arteries,4
sub-06,2,vaso,-2.163758036006815,veins,4
sub-06,2,vaso,0.38919608003915873,arteries,4
sub-06,3,vaso,-1.965171694863045,veins,4
sub-06,3,vaso,0.3749156035718854,arteries,4
sub-06,4,vaso,-1.4567017042280612,veins,4
sub-06,4,vaso,0.15395643336382497,arteries,4
sub-06,5,vaso,-0.7747236233696058,veins,4
sub-06,5,vaso,0.017663328595076886,arteries,4
sub-06,6,vaso,0.010007594731092721,veins,4
sub-06,6,vaso,-0.19919307938046538,arteries,4
sub-06,7,vaso,0.8346775094813264,veins,4
sub-06,7,vaso,-0.6379383976397364,arteries,4
sub-06,8,vaso,1.644746827795187,veins,4
sub-06,8,vaso,-0.8801529173305475,arteries,4
sub-06,9,vaso,2.24466828738449,veins,4
sub-06,9,vaso,-1.2248621448433932,arteries,4
sub-06,10,vaso,2.689025450162708,veins,4
sub-06,10,vaso,-1.6439798401073549,arteries,4
sub-06,11,vaso,2.776055782704781,veins,4
sub-06,11,vaso,-1.8415329167743009,arteries,4
sub-06,12,vaso,2.692312874497161,veins,4
sub-06,12,vaso,-1.3116317489736085,arteries,4
sub-06,13,vaso,2.3949334442372034,veins,4
sub-06,13,vaso,-0.29517271275404083,arteries,4
sub-06,14,vaso,1.9338162609111087,veins,4
sub-06,14,vaso,1.2430123567217923,arteries,4
sub-06,15,vaso,1.4324655619162212,veins,4
sub-06,15,vaso,2.494973758722876,arteries,4
sub-06,16,vaso,0.927370787287081,veins,4
sub-06,16,vaso,3.5772656630222297,arteries,4
sub-06,17,vaso,0.23744615097530186,veins,4
sub-06,17,vaso,4.0329376820675815,arteries,4
sub-06,18,vaso,-0.36509421627650873,veins,4
sub-06,18,vaso,4.166428142210229,arteries,4
sub-06,19,vaso,-0.9323637301485318,veins,4
sub-06,19,vaso,3.697218033687996,arteries,4
sub-06,20,vaso,-1.1109247762112688,veins,4
sub-06,20,vaso,3.400947980336938,arteries,4
sub-06,21,vaso,-1.1536811640973603,veins,4
sub-06,21,vaso,2.8984184249234675,arteries,4
sub-06,22,vaso,-1.192927074145601,veins,4
sub-06,22,vaso,2.405299402669428,arteries,4
sub-06,23,vaso,-0.9406236710027231,veins,4
sub-06,23,vaso,2.0979275663541745,arteries,4
sub-06,24,vaso,-0.9257809764225107,veins,4
sub-06,24,vaso,1.4871379944571212,arteries,4
sub-06,25,vaso,-1.0421053046346629,veins,4
sub-06,25,vaso,0.9508237177138971,arteries,4
sub-06,26,vaso,-1.126984450048568,veins,4
sub-06,26,vaso,0.4578665445369371,arteries,4
sub-06,27,vaso,-1.3450123523250095,veins,4
sub-06,27,vaso,0.13710105444264312,arteries,4
sub-06,28,vaso,-1.4390460179837545,veins,4
sub-06,28,vaso,0.49095248939214403,arteries,4
sub-06,29,vaso,-1.4183463687983913,veins,4
sub-06,29,vaso,1.0782502614665985,arteries,4
sub-06,30,vaso,-1.3519651288388244,veins,4
sub-06,30,vaso,1.3114951166192927,arteries,4
sub-06,31,vaso,-1.2369786076798732,veins,4
sub-06,31,vaso,1.5538617517196291,arteries,4
sub-06,32,vaso,-1.0083372734956955,veins,4
sub-06,32,vaso,1.6354400139363845,arteries,4
sub-06,33,vaso,-0.9091676715732028,veins,4
sub-06,33,vaso,1.4140627385348978,arteries,4
sub-06,34,vaso,-0.9006697501929171,veins,4
sub-06,34,vaso,1.085873544076651,arteries,4
sub-06,0,bold,-2.576237292486495,veins,4
sub-06,0,bold,-1.300257856532143,arteries,4
sub-06,1,bold,-2.755927335123258,veins,4
sub-06,1,bold,-1.4320454340133453,arteries,4
sub-06,2,bold,-2.784411629032597,veins,4
sub-06,2,bold,-1.5233932248912065,arteries,4
sub-06,3,bold,-2.5310206244941384,veins,4
sub-06,3,bold,-1.484526381636023,arteries,4
sub-06,4,bold,-1.9004227978416925,veins,4
sub-06,4,bold,-1.2667138999172958,arteries,4
sub-06,5,bold,-0.9478140078894346,veins,4
sub-06,5,bold,-0.8374682684879193,arteries,4
sub-06,6,bold,0.21104414823378823,veins,4
sub-06,6,bold,-0.24899637006030947,arteries,4
sub-06,7,bold,1.4837172386777737,veins,4
sub-06,7,bold,0.4367432575272899,arteries,4
sub-06,8,bold,2.755305257695791,veins,4
sub-06,8,bold,1.1775051157067036,arteries,4
sub-06,9,bold,3.8188491088551153,veins,4
sub-06,9,bold,1.8215469260309742,arteries,4
sub-06,10,bold,4.602206508760375,veins,4
sub-06,10,bold,2.3367928012691563,arteries,4
sub-06,11,bold,4.97003856629982,veins,4
sub-06,11,bold,2.67659999629216,arteries,4
sub-06,12,bold,4.831943310523496,veins,4
sub-06,12,bold,2.8056573739846424,arteries,4
sub-06,13,bold,4.327443094771132,veins,4
sub-06,13,bold,2.804975801556955,arteries,4
sub-06,14,bold,3.455137994598421,veins,4
sub-06,14,bold,2.6115928274519566,arteries,4
sub-06,15,bold,2.3488309587918907,veins,4
sub-06,15,bold,2.2406225491183736,arteries,4
sub-06,16,bold,1.111839595162547,veins,4
sub-06,16,bold,1.67786990994608,arteries,4
sub-06,17,bold,-0.16430936696696807,veins,4
sub-06,17,bold,0.9359894221099828,arteries,4
sub-06,18,bold,-1.2896328527036842,veins,4
sub-06,18,bold,0.17971211801963197,arteries,4
sub-06,19,bold,-2.1712821576601793,veins,4
sub-06,19,bold,-0.4942139636796407,arteries,4
sub-06,20,bold,-2.6900392149287353,veins,4
sub-06,20,bold,-0.9412834178322068,arteries,4
sub-06,21,bold,-2.918324043995678,veins,4
sub-06,21,bold,-1.1501154238039326,arteries,4
sub-06,22,bold,-2.9643547774057475,veins,4
sub-06,22,bold,-1.2045753850747496,arteries,4
sub-06,23,bold,-2.948990002079817,veins,4
sub-06,23,bold,-1.1768819697418624,arteries,4
sub-06,24,bold,-3.007492406106574,veins,4
sub-06,24,bold,-1.2206952196167187,arteries,4
sub-06,25,bold,-3.1249683172716054,veins,4
sub-06,25,bold,-1.313590699799513,arteries,4
sub-06,26,bold,-3.2782387402336797,veins,4
sub-06,26,bold,-1.4381961356323643,arteries,4
sub-06,27,bold,-3.4193575563935905,veins,4
sub-06,27,bold,-1.5775168059700742,arteries,4
sub-06,28,bold,-3.4824893739302425,veins,4
sub-06,28,bold,-1.622106374923673,arteries,4
sub-06,29,bold,-3.4505197833847463,veins,4
sub-06,29,bold,-1.6106453504909943,arteries,4
sub-06,30,bold,-3.313598411252427,veins,4
sub-06,30,bold,-1.5297795523918345,arteries,4
sub-06,31,bold,-3.0793324568290035,veins,4
sub-06,31,bold,-1.388584613738798,arteries,4
sub-06,32,bold,-2.7627587500319617,veins,4
sub-06,32,bold,-1.2592128375305551,arteries,4
sub-06,33,bold,-2.3403634060871448,veins,4
sub-06,33,bold,-1.0827397637264378,arteries,4
sub-06,34,bold,-1.82775538631531,veins,4
sub-06,34,bold,-0.8378226724303525,arteries,4
sub-06,0,vaso,-1.9912871310885256,veins,12
sub-06,0,vaso,-0.5293018261904933,arteries,12
sub-06,1,vaso,-1.7872452649423176,veins,12
sub-06,1,vaso,-0.49877389922778653,arteries,12
sub-06,2,vaso,-1.5541906589946182,veins,12
sub-06,2,vaso,0.09388502690809705,arteries,12
sub-06,3,vaso,-1.2866293286243276,veins,12
sub-06,3,vaso,0.10860162089942062,arteries,12
sub-06,4,vaso,-0.9798420112217998,veins,12
sub-06,4,vaso,0.2689510863258878,arteries,12
sub-06,5,vaso,-0.5702565016886278,veins,12
sub-06,5,vaso,-0.25470567551128476,arteries,12
sub-06,6,vaso,0.002948741694560983,veins,12
sub-06,6,vaso,-0.7434956675899675,arteries,12
sub-06,7,vaso,0.5703720916423809,veins,12
sub-06,7,vaso,-1.4337209835497824,arteries,12
sub-06,8,vaso,1.293248340063078,veins,12
sub-06,8,vaso,-2.303482297305704,arteries,12
sub-06,9,vaso,2.109543876364629,veins,12
sub-06,9,vaso,-2.495729489385776,arteries,12
sub-06,10,vaso,2.901824973037829,veins,12
sub-06,10,vaso,-2.632282911726811,arteries,12
sub-06,11,vaso,3.6375155979510034,veins,12
sub-06,11,vaso,-2.650511324002999,arteries,12
sub-06,12,vaso,4.226328916480505,veins,12
sub-06,12,vaso,-3.1951814241181764,arteries,12
sub-06,13,vaso,4.66952467046652,veins,12
sub-06,13,vaso,-3.414365505546629,arteries,12
sub-06,14,vaso,5.039564555343936,veins,12
sub-06,14,vaso,-3.6627200849099215,arteries,12
sub-06,15,vaso,5.3920885603171556,veins,12
sub-06,15,vaso,-4.281678540271966,arteries,12
sub-06,16,vaso,5.582536406459132,veins,12
sub-06,16,vaso,-4.2790099590460295,arteries,12
sub-06,17,vaso,5.683807928593926,veins,12
sub-06,17,vaso,-2.448292604234085,arteries,12
sub-06,18,vaso,5.780181882166989,veins,12
sub-06,18,vaso,-2.479932051818988,arteries,12
sub-06,19,vaso,5.706328866895698,veins,12
sub-06,19,vaso,-2.2906910093539854,arteries,12
sub-06,20,vaso,5.628920672727906,veins,12
sub-06,20,vaso,-3.612004577006403,arteries,12
sub-06,21,vaso,5.462514745475329,veins,12
sub-06,21,vaso,-2.708634036190468,arteries,12
sub-06,22,vaso,5.167985181630264,veins,12
sub-06,22,vaso,-1.2624170992693466,arteries,12
sub-06,23,vaso,4.5304671037750825,veins,12
sub-06,23,vaso,-0.11213236814094282,arteries,12
sub-06,24,vaso,3.7572806516610973,veins,12
sub-06,24,vaso,0.6582595441042141,arteries,12
sub-06,25,vaso,2.7478728968869586,veins,12
sub-06,25,vaso,1.898141141447598,arteries,12
sub-06,26,vaso,1.6960020342918436,veins,12
sub-06,26,vaso,2.065974155650764,arteries,12
sub-06,27,vaso,0.6366051376637942,veins,12
sub-06,27,vaso,1.7736448819814752,arteries,12
sub-06,28,vaso,-0.3336890522507642,veins,12
sub-06,28,vaso,0.7824085915260234,arteries,12
sub-06,29,vaso,-0.9141071370706995,veins,12
sub-06,29,vaso,0.9160407099881522,arteries,12
sub-06,30,vaso,-1.2508765132671935,veins,12
sub-06,30,vaso,1.8774511913618235,arteries,12
sub-06,31,vaso,-1.6425779707970751,veins,12
sub-06,31,vaso,2.4897271620927,arteries,12
sub-06,32,vaso,-2.0691609988204105,veins,12
sub-06,32,vaso,3.0027271087391543,arteries,12
sub-06,33,vaso,-2.613759505028817,veins,12
sub-06,33,vaso,3.157877729219651,arteries,12
sub-06,34,vaso,-3.200119137814505,veins,12
sub-06,34,vaso,3.1354978324480247,arteries,12
sub-06,35,vaso,-3.729444504209535,veins,12
sub-06,35,vaso,2.8389654037395795,arteries,12
sub-06,36,vaso,-4.0677617557643,veins,12
sub-06,36,vaso,2.4678292594880977,arteries,12
sub-06,37,vaso,-4.198633668720943,veins,12
sub-06,37,vaso,1.9770064507111622,arteries,12
sub-06,38,vaso,-4.060839509314987,veins,12
sub-06,38,vaso,1.451170412749941,arteries,12
sub-06,39,vaso,-4.043094674383461,veins,12
sub-06,39,vaso,1.0354425148889654,arteries,12
sub-06,40,vaso,-3.8059110488955294,veins,12
sub-06,40,vaso,0.9307450454886925,arteries,12
sub-06,41,vaso,-3.526309690933744,veins,12
sub-06,41,vaso,0.7910650277416573,arteries,12
sub-06,42,vaso,-3.377964612303744,veins,12
sub-06,42,vaso,0.7280656106491801,arteries,12
sub-06,43,vaso,-3.1670439247759288,veins,12
sub-06,43,vaso,0.2613488392632926,arteries,12
sub-06,44,vaso,-3.2622076246556526,veins,12
sub-06,44,vaso,-0.4302371162899936,arteries,12
sub-06,45,vaso,-3.3668085239376166,veins,12
sub-06,45,vaso,-1.2951736684185762,arteries,12
sub-06,46,vaso,-3.279896908571153,veins,12
sub-06,46,vaso,-1.78622621140864,arteries,12
sub-06,47,vaso,-3.1250813403561946,veins,12
sub-06,47,vaso,-2.2140236764311543,arteries,12
sub-06,48,vaso,-2.478737522222496,veins,12
sub-06,48,vaso,-0.1195994353333403,arteries,12
sub-06,49,vaso,-1.542061836251123,veins,12
sub-06,49,vaso,2.7483325729212296,arteries,12
sub-06,50,vaso,-0.7383701688446437,veins,12
sub-06,50,vaso,3.271609249492118,arteries,12
sub-06,51,vaso,-0.18704279028561416,veins,12
sub-06,51,vaso,1.8250228792503844,arteries,12
sub-06,52,vaso,-0.20790298326795598,veins,12
sub-06,52,vaso,-0.3373867255708983,arteries,12
sub-06,0,bold,-3.2092633490678213,veins,12
sub-06,0,bold,-2.0684224682446586,arteries,12
sub-06,1,bold,-2.9888352309285855,veins,12
sub-06,1,bold,-1.8448684833035707,arteries,12
sub-06,2,bold,-2.6654636507874145,veins,12
sub-06,2,bold,-1.5253924940138885,arteries,12
sub-06,3,bold,-2.251619145135714,veins,12
sub-06,3,bold,-1.178168946872871,arteries,12
sub-06,4,bold,-1.678354429772583,veins,12
sub-06,4,bold,-0.8617846720384365,arteries,12
sub-06,5,bold,-0.9193348402095564,veins,12
sub-06,5,bold,-0.5585364815415775,arteries,12
sub-06,6,bold,-0.03311663722960954,veins,12
sub-06,6,bold,-0.22284726992363488,arteries,12
sub-06,7,bold,0.9719091413679382,veins,12
sub-06,7,bold,0.1982704185799568,arteries,12
sub-06,8,bold,1.9947341093922744,veins,12
sub-06,8,bold,0.7040727855789831,arteries,12
sub-06,9,bold,2.9808435326514577,veins,12
sub-06,9,bold,1.2416112316528884,arteries,12
sub-06,10,bold,3.9468316120299782,veins,12
sub-06,10,bold,1.7863181461556912,arteries,12
sub-06,11,bold,4.879926332475548,veins,12
sub-06,11,bold,2.2853581301127925,arteries,12
sub-06,12,bold,5.778131141255502,veins,12
sub-06,12,bold,2.7412425977262935,arteries,12
sub-06,13,bold,6.634986784999326,veins,12
sub-06,13,bold,3.2165356898630577,arteries,12
sub-06,14,bold,7.443742784521914,veins,12
sub-06,14,bold,3.706415436865136,arteries,12
sub-06,15,bold,8.190222957322025,veins,12
sub-06,15,bold,4.2222447433379955,arteries,12
sub-06,16,bold,8.89398378708001,veins,12
sub-06,16,bold,4.763197284611328,arteries,12
sub-06,17,bold,9.553134030820734,veins,12
sub-06,17,bold,5.226948018521805,arteries,12
sub-06,18,bold,10.061190669404706,veins,12
sub-06,18,bold,5.586889673187494,arteries,12
sub-06,19,bold,10.361737481815855,veins,12
sub-06,19,bold,5.805656149796369,arteries,12
sub-06,20,bold,10.322380026186766,veins,12
sub-06,20,bold,5.833412099495159,arteries,12
sub-06,21,bold,9.826396522246455,veins,12
sub-06,21,bold,5.750811005628734,arteries,12
sub-06,22,bold,8.897213267842291,veins,12
sub-06,22,bold,5.474190236434255,arteries,12
sub-06,23,bold,7.539872998129356,veins,12
sub-06,23,bold,4.986819422306527,arteries,12
sub-06,24,bold,5.827389826146344,veins,12
sub-06,24,bold,4.309334363745375,arteries,12
sub-06,25,bold,3.901296997912634,veins,12
sub-06,25,bold,3.309967862720808,arteries,12
sub-06,26,bold,1.9496124079154364,veins,12
sub-06,26,bold,2.192657036279402,arteries,12
sub-06,27,bold,0.12491262140014892,veins,12
sub-06,27,bold,1.0501670506122016,arteries,12
sub-06,28,bold,-1.3734423938546088,veins,12
sub-06,28,bold,0.006434144958971103,arteries,12
sub-06,29,bold,-2.466271431114121,veins,12
sub-06,29,bold,-0.7356136233004823,arteries,12
sub-06,30,bold,-3.253817890630034,veins,12
sub-06,30,bold,-1.2524493484726926,arteries,12
sub-06,31,bold,-3.7809981405668016,veins,12
sub-06,31,bold,-1.5567628611740947,arteries,12
sub-06,32,bold,-4.194118140618829,veins,12
sub-06,32,bold,-1.7075847602190442,arteries,12
sub-06,33,bold,-4.5831280494142375,veins,12
sub-06,33,bold,-1.812663663137623,arteries,12
sub-06,34,bold,-4.887256911314271,veins,12
sub-06,34,bold,-1.8724988378285858,arteries,12
sub-06,35,bold,-5.130512463366482,veins,12
sub-06,35,bold,-1.927647737086752,arteries,12
sub-06,36,bold,-5.244989578909384,veins,12
sub-06,36,bold,-1.9986880123849062,arteries,12
sub-06,37,bold,-5.222111302105925,veins,12
sub-06,37,bold,-2.0841995005025598,arteries,12
sub-06,38,bold,-5.136772898455138,veins,12
sub-06,38,bold,-2.190014323438141,arteries,12
sub-06,39,bold,-5.0113234445873225,veins,12
sub-06,39,bold,-2.3050745401772983,arteries,12
sub-06,40,bold,-4.908768477925719,veins,12
sub-06,40,bold,-2.3882313827086645,arteries,12
sub-06,41,bold,-4.889891061212966,veins,12
sub-06,41,bold,-2.4801413437592146,arteries,12
sub-06,42,bold,-4.900836413489778,veins,12
sub-06,42,bold,-2.567486017770849,arteries,12
sub-06,43,bold,-4.92458252854869,veins,12
sub-06,43,bold,-2.650970565508452,arteries,12
sub-06,44,bold,-4.954015402623314,veins,12
sub-06,44,bold,-2.7671037868489377,arteries,12
sub-06,45,bold,-4.868847565265504,veins,12
sub-06,45,bold,-2.812172688645334,arteries,12
sub-06,46,bold,-4.653149333112709,veins,12
sub-06,46,bold,-2.751258184909613,arteries,12
sub-06,47,bold,-4.278523069971751,veins,12
sub-06,47,bold,-2.572186990366298,arteries,12
sub-06,48,bold,-3.7024364132733165,veins,12
sub-06,48,bold,-2.2098546950357165,arteries,12
sub-06,49,bold,-3.0156896706913945,veins,12
sub-06,49,bold,-1.8164203174943003,arteries,12
sub-06,50,bold,-2.319337917693786,veins,12
sub-06,50,bold,-1.4205019303566595,arteries,12
sub-06,51,bold,-1.708331281844189,veins,12
sub-06,51,bold,-1.091934889446931,arteries,12
sub-06,52,bold,-1.260257084664097,veins,12
sub-06,52,bold,-0.9032626216917881,arteries,12
sub-06,0,vaso,-1.791260461700704,veins,24
sub-06,0,vaso,2.0783876194351514,arteries,24
sub-06,1,vaso,-1.75949186193886,veins,24
sub-06,1,vaso,1.6271492024025729,arteries,24
sub-06,2,vaso,-1.5684464176556006,veins,24
sub-06,2,vaso,1.2079327560884925,arteries,24
sub-06,3,vaso,-1.4660977794480374,veins,24
sub-06,3,vaso,-0.6561543887197301,arteries,24
sub-06,4,vaso,-0.9336680115359048,veins,24
sub-06,4,vaso,-0.10559471363928247,arteries,24
sub-06,5,vaso,-0.3711156368968937,veins,24
sub-06,5,vaso,-1.478091470646784,arteries,24
sub-06,6,vaso,0.6324719798395679,veins,24
sub-06,6,vaso,-0.8480077433954398,arteries,24
sub-06,7,vaso,1.8113846559017335,veins,24
sub-06,7,vaso,-0.1865797679957304,arteries,24
sub-06,8,vaso,3.00191977535344,veins,24
sub-06,8,vaso,-1.0566266252477634,arteries,24
sub-06,9,vaso,4.08037043065978,veins,24
sub-06,9,vaso,-1.0610741424702304,arteries,24
sub-06,10,vaso,4.653299773568703,veins,24
sub-06,10,vaso,-1.2993302445437496,arteries,24
sub-06,11,vaso,5.049736583171261,veins,24
sub-06,11,vaso,-1.9953196069596653,arteries,24
sub-06,12,vaso,5.037945429511291,veins,24
sub-06,12,vaso,-2.3759302509492612,arteries,24
sub-06,13,vaso,4.976587878499508,veins,24
sub-06,13,vaso,-2.8264582060756647,arteries,24
sub-06,14,vaso,5.123240212039145,veins,24
sub-06,14,vaso,-3.123835292393612,arteries,24
sub-06,15,vaso,5.468971511893144,veins,24
sub-06,15,vaso,-2.90222848633853,arteries,24
sub-06,16,vaso,5.916766867726739,veins,24
sub-06,16,vaso,-2.9246537112735242,arteries,24
sub-06,17,vaso,6.460241890173595,veins,24
sub-06,17,vaso,-2.765674952763863,arteries,24
sub-06,18,vaso,7.01689234165707,veins,24
sub-06,18,vaso,-2.751678558054121,arteries,24
sub-06,19,vaso,7.251901867092071,veins,24
sub-06,19,vaso,-2.497764795059454,arteries,24
sub-06,20,vaso,7.483212622441423,veins,24
sub-06,20,vaso,-0.3573963878761312,arteries,24
sub-06,21,vaso,7.4678719451442195,veins,24
sub-06,21,vaso,-0.37970411069333726,arteries,24
sub-06,22,vaso,7.08363266937283,veins,24
sub-06,22,vaso,-0.8200510095931489,arteries,24
sub-06,23,vaso,6.6465351092953275,veins,24
sub-06,23,vaso,-3.0747488119658777,arteries,24
sub-06,24,vaso,6.316026016880628,veins,24
sub-06,24,vaso,-1.4715273108874367,arteries,24
sub-06,25,vaso,5.9236743244122385,veins,24
sub-06,25,vaso,-1.9128360083597207,arteries,24
sub-06,26,vaso,5.743614949022858,veins,24
sub-06,26,vaso,-1.8911244739082747,arteries,24
sub-06,27,vaso,5.56198545216326,veins,24
sub-06,27,vaso,-3.7592947502487197,arteries,24
sub-06,28,vaso,5.523955312324582,veins,24
sub-06,28,vaso,-3.4147855315392226,arteries,24
sub-06,29,vaso,5.518133387189156,veins,24
sub-06,29,vaso,-2.7253495645875505,arteries,24
sub-06,30,vaso,5.343705126169872,veins,24
sub-06,30,vaso,-2.887333029021289,arteries,24
sub-06,31,vaso,5.3694623281707035,veins,24
sub-06,31,vaso,-3.5128228456245667,arteries,24
sub-06,32,vaso,5.458083153973866,veins,24
sub-06,32,vaso,-4.451183695129323,arteries,24
sub-06,33,vaso,5.590316809581165,veins,24
sub-06,33,vaso,-2.940406708822526,arteries,24
sub-06,34,vaso,5.6297278443166645,veins,24
sub-06,34,vaso,-3.2925345714733436,arteries,24
sub-06,35,vaso,5.391938595631435,veins,24
sub-06,35,vaso,-3.2534778163640827,arteries,24
sub-06,36,vaso,4.753014669997193,veins,24
sub-06,36,vaso,-4.577268746161362,arteries,24
sub-06,37,vaso,3.7873392381103774,veins,24
sub-06,37,vaso,-3.9889075272080885,arteries,24
sub-06,38,vaso,2.5729687777680477,veins,24
sub-06,38,vaso,-2.9596628104116287,arteries,24
sub-06,39,vaso,1.1042356121672543,veins,24
sub-06,39,vaso,-2.0492349276002266,arteries,24
sub-06,40,vaso,-0.3435509181217044,veins,24
sub-06,40,vaso,-1.0089967771893158,arteries,24
sub-06,41,vaso,-1.6374827714132068,veins,24
sub-06,41,vaso,1.717381186502178,arteries,24
sub-06,42,vaso,-2.603264882863144,veins,24
sub-06,42,vaso,1.9235503477473352,arteries,24
sub-06,43,vaso,-2.940498378301112,veins,24
sub-06,43,vaso,2.029397871233214,arteries,24
sub-06,44,vaso,-3.0045993654703413,veins,24
sub-06,44,vaso,0.2069695255718642,arteries,24
sub-06,45,vaso,-3.039881177045942,veins,24
sub-06,45,vaso,-0.11416432846431027,arteries,24
sub-06,46,vaso,-3.332868289232535,veins,24
sub-06,46,vaso,0.4415688746260661,arteries,24
sub-06,47,vaso,-3.7917660193584104,veins,24
sub-06,47,vaso,0.4720408628884069,arteries,24
sub-06,48,vaso,-4.5765296864418445,veins,24
sub-06,48,vaso,0.710463512826255,arteries,24
sub-06,49,vaso,-5.209928658111038,veins,24
sub-06,49,vaso,1.0145147438056736,arteries,24
sub-06,50,vaso,-5.5648414369458985,veins,24
sub-06,50,vaso,1.2893995819536048,arteries,24
sub-06,51,vaso,-5.4996590018712,veins,24
sub-06,51,vaso,1.5005976334382312,arteries,24
sub-06,52,vaso,-5.120618445811572,veins,24
sub-06,52,vaso,1.7044155979246922,arteries,24
sub-06,53,vaso,-4.44435313020311,veins,24
sub-06,53,vaso,1.6178436450267992,arteries,24
sub-06,54,vaso,-3.8331822804414717,veins,24
sub-06,54,vaso,1.5418385052149226,arteries,24
sub-06,55,vaso,-3.1523790218435384,veins,24
sub-06,55,vaso,1.6802339634649395,arteries,24
sub-06,56,vaso,-2.779303066393256,veins,24
sub-06,56,vaso,1.525457149560547,arteries,24
sub-06,57,vaso,-2.546378764236526,veins,24
sub-06,57,vaso,1.5136201753284921,arteries,24
sub-06,58,vaso,-2.5111345572369994,veins,24
sub-06,58,vaso,1.1908680998366634,arteries,24
sub-06,59,vaso,-2.453407159354792,veins,24
sub-06,59,vaso,1.003642404009105,arteries,24
sub-06,60,vaso,-2.4477107148818558,veins,24
sub-06,60,vaso,0.714374961514563,arteries,24
sub-06,61,vaso,-2.577949296461047,veins,24
sub-06,61,vaso,0.40109507834299224,arteries,24
sub-06,62,vaso,-2.803351129509063,veins,24
sub-06,62,vaso,0.26121308295311274,arteries,24
sub-06,63,vaso,-3.108475558336034,veins,24
sub-06,63,vaso,-0.5237476316539579,arteries,24
sub-06,64,vaso,-3.4874557140787505,veins,24
sub-06,64,vaso,-0.5584087061234743,arteries,24
sub-06,65,vaso,-3.69667628946597,veins,24
sub-06,65,vaso,1.5141523637462995,arteries,24
sub-06,66,vaso,-3.8165464245088105,veins,24
sub-06,66,vaso,1.4376226098751996,arteries,24
sub-06,67,vaso,-3.57680656637874,veins,24
sub-06,67,vaso,1.520676935188998,arteries,24
sub-06,68,vaso,-2.7590310350111307,veins,24
sub-06,68,vaso,-0.6932953938847617,arteries,24
sub-06,69,vaso,-1.6195000496837442,veins,24
sub-06,69,vaso,-0.8952830451328107,arteries,24
sub-06,70,vaso,-0.5464884239489971,veins,24
sub-06,70,vaso,-1.1829680694383087,arteries,24
sub-06,71,vaso,0.5622579122451156,veins,24
sub-06,71,vaso,-1.1340365422729217,arteries,24
sub-06,72,vaso,1.3112932337606615,veins,24
sub-06,72,vaso,-0.8875427418754821,arteries,24
sub-06,73,vaso,1.7745847719638819,veins,24
sub-06,73,vaso,0.765447002317741,arteries,24
sub-06,74,vaso,1.9616304800387647,veins,24
sub-06,74,vaso,0.8681735122178322,arteries,24
sub-06,75,vaso,1.8376534830335454,veins,24
sub-06,75,vaso,1.0169672800057965,arteries,24
sub-06,76,vaso,1.786616178679541,veins,24
sub-06,76,vaso,-0.33482306453682426,arteries,24
sub-06,77,vaso,1.5501422128890954,veins,24
sub-06,77,vaso,0.047361267977046366,arteries,24
sub-06,78,vaso,1.4137115404040803,veins,24
sub-06,78,vaso,0.343629233336223,arteries,24
sub-06,79,vaso,1.4566280145637287,veins,24
sub-06,79,vaso,0.462512243460261,arteries,24
sub-06,80,vaso,1.3598485066008001,veins,24
sub-06,80,vaso,0.31536611313545204,arteries,24
sub-06,0,bold,-3.300419866804837,veins,24
sub-06,0,bold,-2.1579519157363602,arteries,24
sub-06,1,bold,-3.2827168384149967,veins,24
sub-06,1,bold,-2.294812892419885,arteries,24
sub-06,2,bold,-3.048013216716369,veins,24
sub-06,2,bold,-2.351063380056907,arteries,24
sub-06,3,bold,-2.4469465583575984,veins,24
sub-06,3,bold,-2.1408125734124797,arteries,24
sub-06,4,bold,-1.5622336075251821,veins,24
sub-06,4,bold,-1.7401658343424982,arteries,24
sub-06,5,bold,-0.4580336357673437,veins,24
sub-06,5,bold,-1.1768500909955293,arteries,24
sub-06,6,bold,0.7710664835359157,veins,24
sub-06,6,bold,-0.4810933380251503,arteries,24
sub-06,7,bold,1.9424684900181417,veins,24
sub-06,7,bold,0.17031312539961713,arteries,24
sub-06,8,bold,3.070568537433209,veins,24
sub-06,8,bold,0.8211263093645844,arteries,24
sub-06,9,bold,4.144791167842104,veins,24
sub-06,9,bold,1.4738012181630713,arteries,24
sub-06,10,bold,5.134208648016437,veins,24
sub-06,10,bold,2.098663091740312,arteries,24
sub-06,11,bold,6.085755827851311,veins,24
sub-06,11,bold,2.79156409161604,arteries,24
sub-06,12,bold,6.96277732464118,veins,24
sub-06,12,bold,3.502569911791653,arteries,24
sub-06,13,bold,7.732991397553069,veins,24
sub-06,13,bold,4.154772402879423,arteries,24
sub-06,14,bold,8.446989343003922,veins,24
sub-06,14,bold,4.7838900313567745,arteries,24
sub-06,15,bold,9.116355176534999,veins,24
sub-06,15,bold,5.29392716278751,arteries,24
sub-06,16,bold,9.726434058873235,veins,24
sub-06,16,bold,5.709364434549898,arteries,24
sub-06,17,bold,10.285816975598486,veins,24
sub-06,17,bold,6.0449603375117,arteries,24
sub-06,18,bold,10.731286305020452,veins,24
sub-06,18,bold,6.272461108472493,arteries,24
sub-06,19,bold,11.008257332860964,veins,24
sub-06,19,bold,6.421646193099204,arteries,24
sub-06,20,bold,11.145542918640311,veins,24
sub-06,20,bold,6.486181310568772,arteries,24
sub-06,21,bold,11.149032849184168,veins,24
sub-06,21,bold,6.454591376859216,arteries,24
sub-06,22,bold,11.071460667498041,veins,24
sub-06,22,bold,6.362903533617419,arteries,24
sub-06,23,bold,10.98982925532314,veins,24
sub-06,23,bold,6.199833402057329,arteries,24
sub-06,24,bold,10.899679825238753,veins,24
sub-06,24,bold,5.998737253229708,arteries,24
sub-06,25,bold,10.799691251185589,veins,24
sub-06,25,bold,5.787264542765113,arteries,24
sub-06,26,bold,10.708605308544296,veins,24
sub-06,26,bold,5.575463042948665,arteries,24
sub-06,27,bold,10.551583773142568,veins,24
sub-06,27,bold,5.374937634422211,arteries,24
sub-06,28,bold,10.368446624177299,veins,24
sub-06,28,bold,5.1848834856479,arteries,24
sub-06,29,bold,10.20685152267127,veins,24
sub-06,29,bold,4.998045683691193,arteries,24
sub-06,30,bold,10.068965394376143,veins,24
sub-06,30,bold,4.857673083971104,arteries,24
sub-06,31,bold,10.058420715779635,veins,24
sub-06,31,bold,4.782605931731289,arteries,24
sub-06,32,bold,10.09824334460006,veins,24
sub-06,32,bold,4.789950440467347,arteries,24
sub-06,33,bold,10.052362744407889,veins,24
sub-06,33,bold,4.872492681835542,arteries,24
sub-06,34,bold,9.812446782243624,veins,24
sub-06,34,bold,4.923152516273776,arteries,24
sub-06,35,bold,9.181956076100635,veins,24
sub-06,35,bold,4.842704395150324,arteries,24
sub-06,36,bold,8.088540120631157,veins,24
sub-06,36,bold,4.522778358351424,arteries,24
sub-06,37,bold,6.548883008022446,veins,24
sub-06,37,bold,3.858311598836077,arteries,24
sub-06,38,bold,4.606525741935908,veins,24
sub-06,38,bold,2.880713280772257,arteries,24
sub-06,39,bold,2.3902630324945155,veins,24
sub-06,39,bold,1.6205258228572634,arteries,24
sub-06,40,bold,0.14948380242206294,veins,24
sub-06,40,bold,0.2457933743208979,arteries,24
sub-06,41,bold,-1.9318460603017915,veins,24
sub-06,41,bold,-1.0625829560323754,arteries,24
sub-06,42,bold,-3.639637198477553,veins,24
sub-06,42,bold,-2.170866471864679,arteries,24
sub-06,43,bold,-4.791530110189196,veins,24
sub-06,43,bold,-2.9318212398045786,arteries,24
sub-06,44,bold,-5.48459184203857,veins,24
sub-06,44,bold,-3.352321547170699,arteries,24
sub-06,45,bold,-5.811681978742016,veins,24
sub-06,45,bold,-3.511942683224068,arteries,24
sub-06,46,bold,-5.928298269009383,veins,24
sub-06,46,bold,-3.493548112546279,arteries,24
sub-06,47,bold,-6.0578581601011825,veins,24
sub-06,47,bold,-3.4310847162361804,arteries,24
sub-06,48,bold,-6.17532579209914,veins,24
sub-06,48,bold,-3.3966799541810793,arteries,24
sub-06,49,bold,-6.324062214598222,veins,24
sub-06,49,bold,-3.4158176071594055,arteries,24
sub-06,50,bold,-6.462227104312221,veins,24
sub-06,50,bold,-3.492018033191755,arteries,24
sub-06,51,bold,-6.5214054296505015,veins,24
sub-06,51,bold,-3.6187101238099006,arteries,24
sub-06,52,bold,-6.5290689963097,veins,24
sub-06,52,bold,-3.726771198985982,arteries,24
sub-06,53,bold,-6.4708343751070085,veins,24
sub-06,53,bold,-3.821170570200147,arteries,24
sub-06,54,bold,-6.350737862836496,veins,24
sub-06,54,bold,-3.857408676675571,arteries,24
sub-06,55,bold,-6.193239490091931,veins,24
sub-06,55,bold,-3.8049087861189097,arteries,24
sub-06,56,bold,-5.989635725191254,veins,24
sub-06,56,bold,-3.7171049891612147,arteries,24
sub-06,57,bold,-5.723904521043096,veins,24
sub-06,57,bold,-3.5753851642983356,arteries,24
sub-06,58,bold,-5.441837153837315,veins,24
sub-06,58,bold,-3.4344937794936503,arteries,24
sub-06,59,bold,-5.14006406937587,veins,24
sub-06,59,bold,-3.330819244651487,arteries,24
sub-06,60,bold,-4.872827760014795,veins,24
sub-06,60,bold,-3.233030831245744,arteries,24
sub-06,61,bold,-4.739745318839196,veins,24
sub-06,61,bold,-3.1866381136902424,arteries,24
sub-06,62,bold,-4.704539837666726,veins,24
sub-06,62,bold,-3.1519583213555578,arteries,24
sub-06,63,bold,-4.824586964490851,veins,24
sub-06,63,bold,-3.138135936086866,arteries,24
sub-06,64,bold,-4.983968404804935,veins,24
sub-06,64,bold,-3.1697113019118377,arteries,24
sub-06,65,bold,-5.0201718164869265,veins,24
sub-06,65,bold,-3.1844735389316448,arteries,24
sub-06,66,bold,-4.876503009135556,veins,24
sub-06,66,bold,-3.1482628967487387,arteries,24
sub-06,67,bold,-4.409997324218374,veins,24
sub-06,67,bold,-3.0012432151597963,arteries,24
sub-06,68,bold,-3.665142359145624,veins,24
sub-06,68,bold,-2.695601601002707,arteries,24
sub-06,69,bold,-2.7517899774287105,veins,24
sub-06,69,bold,-2.1880108477269045,arteries,24
sub-06,70,bold,-1.7576829181446798,veins,24
sub-06,70,bold,-1.5665804613524608,arteries,24
sub-06,71,bold,-0.8200763548885682,veins,24
sub-06,71,bold,-0.865485066903129,arteries,24
sub-06,72,bold,-0.026753205920022373,veins,24
sub-06,72,bold,-0.20969850624577216,arteries,24
sub-06,73,bold,0.582936722888187,veins,24
sub-06,73,bold,0.27156364306453923,arteries,24
sub-06,74,bold,0.9812254264017364,veins,24
sub-06,74,bold,0.5806957358688587,arteries,24
sub-06,75,bold,1.1559458366276683,veins,24
sub-06,75,bold,0.6861608297548631,arteries,24
sub-06,76,bold,1.18415495711812,veins,24
sub-06,76,bold,0.6563837634368618,arteries,24
sub-06,77,bold,1.1131257566400306,veins,24
sub-06,77,bold,0.6298905434581563,arteries,24
sub-06,78,bold,1.0084461604844137,veins,24
sub-06,78,bold,0.6021342064072359,arteries,24
sub-06,79,bold,0.9744492626622252,veins,24
sub-06,79,bold,0.6360861178952657,arteries,24
sub-06,80,bold,0.9941175198715814,veins,24
sub-06,80,bold,0.7065713591413781,arteries,24
